name, mass, x, y, z, xv, yv, zv
earth, 4.03503e5, -1e8, -1e8, -4.5e7, 21.798, -18.259, -7.9141
sun, 1.3271e11, -4.045e5, -4.195e5, -1.704e5, 9.278e-3, -5.505e-3, -2.527e-3
moon, 4.03507e3, -1.1e8, -0.95e8, -4.5e7, 21.9, -18.259, -7.9141
